dataset_id,measure_id,measure_name
35,7,"A. Сельское, лесное хозяйство, охота, рыболовство и рыбоводство"
35,8,B. Добыча полезных ископаемых
35,9,C. Обрабатывающие производства
35,10,"D. Обеспечение электрической энергией, газом и паром; кондиционирование воздуха"
35,11,"E. Водоснабжение; водоотведение, организация сбора и утилизации отходов, деятельность по ликвидации загрязнений"
35,12,F. Строительство
35,13,G. Торговля оптовая и розничная; ремонт автотранспортных средств и мотоциклов
35,14,H. Транспортировка и хранение
35,15,I. Деятельность гостиниц и предприятий общественного питания
35,16,J. Деятельность в области информации и связи
35,17,L. Деятельность по операциям с недвижимым имуществом
35,18,"M. Деятельность профессиональная, научная и техническая"
35,19,P. Образование
35,20,"R. Деятельность в области культуры, спорта, организации досуга и развлечений"
35,21,Прочее
36,7,"A. Сельское, лесное хозяйство, охота, рыболовство и рыбоводство"
36,8,B. Добыча полезных ископаемых
36,9,C. Обрабатывающие производства
36,10,"D. Обеспечение электрической энергией, газом и паром; кондиционирование воздуха"
36,11,"E. Водоснабжение; водоотведение, организация сбора и утилизации отходов, деятельность по ликвидации загрязнений"
36,12,F. Строительство
36,13,G. Торговля оптовая и розничная; ремонт автотранспортных средств и мотоциклов
36,14,H. Транспортировка и хранение
36,15,I. Деятельность гостиниц и предприятий общественного питания
36,16,J. Деятельность в области информации и связи
36,17,L. Деятельность по операциям с недвижимым имуществом
36,18,"M. Деятельность профессиональная, научная и техническая"
36,19,P. Образование
36,20,"R. Деятельность в области культуры, спорта, организации досуга и развлечений"
36,21,Прочее
33,23,Центральный федеральный округ
33,42,Северо-Западный федеральный округ
33,55,Южный федеральный округ
33,64,Северо-Кавказский федеральный округ
33,72,Приволжский федеральный округ
33,87,Уральский федеральный округ
33,95,Сибирский федеральный округ
33,106,Дальневосточный федеральный округ
40,23,Центральный федеральный округ
40,42,Северо-Западный федеральный округ
40,55,Южный федеральный округ
40,64,Северо-Кавказский федеральный округ
40,72,Приволжский федеральный округ
40,87,Уральский федеральный округ
40,95,Сибирский федеральный округ
40,106,Дальневосточный федеральный округ
39,23,Центральный федеральный округ
39,42,Северо-Западный федеральный округ
39,55,Южный федеральный округ
39,64,Северо-Кавказский федеральный округ
39,72,Приволжский федеральный округ
39,87,Уральский федеральный округ
39,95,Сибирский федеральный округ
39,106,Дальневосточный федеральный округ
34,22,Российская Федерация
34,23,Центральный федеральный округ
34,24,Белгородская область
34,25,Брянская область
34,26,Владимирская область
34,27,Воронежская область
34,28,Ивановская область
34,29,Калужская область
34,30,Костромская область
34,31,Курская область
34,32,Липецкая область
34,33,Московская область
34,34,Орловская область
34,35,Рязанская область
34,36,Смоленская область
34,37,Тамбовская область
34,38,Тверская область
34,39,Тульская область
34,40,Ярославская область
34,41,г. Москва
34,42,Северо-Западный федеральный округ
34,43,Республика Карелия
34,44,Республика Коми
34,45,Архангельская область
34,46,"Архангельская область, в том числе Ненецкий автономный округ"
34,47,Архангельская область без данных по Ненецкому автономному округу
34,48,Вологодская область
34,49,Калининградская область
34,50,Ленинградская область
34,51,Мурманская область
34,52,Новгородская область
34,53,Псковская область
34,54,г. Санкт-Петербург
34,55,Южный федеральный округ
34,56,Республика Адыгея (Адыгея)
34,57,Республика Калмыкия
34,58,Республика Крым
34,59,Краснодарский край
34,60,Астраханская область
34,61,Волгоградская область
34,62,Ростовская область
34,63,г. Севастополь
34,64,Северо-Кавказский федеральный округ
34,65,Республика Дагестан
34,66,Республика Ингушетия
34,67,Кабардино-Балкарская Республика
34,68,Карачаево-Черкесская Республика
34,69,Республика Северная Осетия - Алания
34,70,Чеченская Республика
34,71,Ставропольский край
34,72,Приволжский федеральный округ
34,73,Республика Башкортостан
34,74,Республика Марий Эл
34,75,Республика Мордовия
34,76,Республика Татарстан (Татарстан)
34,77,Удмуртская Республика
34,78,Чувашская Республика - Чувашия
34,79,Пермский край
34,80,Кировская область
34,81,Нижегородская область
34,82,Оренбургская область
34,83,Пензенская область
34,84,Самарская область
34,85,Саратовская область
34,86,Ульяновская область
34,87,Уральский федеральный округ
34,88,Курганская область
34,89,Свердловская область
34,90,Тюменская область
34,91,"Тюменская область, в том числе Ханты-Мансийский автономный округ - Югра"
34,92,"Тюменская область, в том числе Ямало-Ненецкий автономный округ"
34,93,Тюменская область без данных по Ханты-Мансийскому автономному округу - Югре и Ямало-Ненецкому автономному округу
34,94,Челябинская область
34,95,Сибирский федеральный округ
34,96,Республика Алтай
34,97,Республика Тыва
34,98,Республика Хакасия
34,99,Алтайский край
34,100,Красноярский край
34,101,Иркутская область
34,102,Кемеровская область - Кузбасс
34,103,Новосибирская область
34,104,Омская область
34,105,Томская область
34,106,Дальневосточный федеральный округ
34,107,Республика Бурятия
34,108,Республика Саха (Якутия)
34,109,Забайкальский край
34,110,Камчатский край
34,111,Приморский край
34,112,Хабаровский край
34,113,Амурская область
34,114,Магаданская область
34,115,Сахалинская область
34,116,Еврейская автономная область
34,117,Чукотский автономный округ
30,23,Центральный федеральный округ
30,42,Северо-Западный федеральный округ
30,55,Южный федеральный округ
30,64,Северо-Кавказский федеральный округ
30,72,Приволжский федеральный округ
30,87,Уральский федеральный округ
30,95,Сибирский федеральный округ
30,106,Дальневосточный федеральный округ
31,23,Центральный федеральный округ
31,42,Северо-Западный федеральный округ
31,55,Южный федеральный округ
31,64,Северо-Кавказский федеральный округ
31,72,Приволжский федеральный округ
31,87,Уральский федеральный округ
31,95,Сибирский федеральный округ
31,106,Дальневосточный федеральный округ
32,23,Центральный федеральный округ
32,42,Северо-Западный федеральный округ
32,55,Южный федеральный округ
32,64,Северо-Кавказский федеральный округ
32,72,Приволжский федеральный округ
32,87,Уральский федеральный округ
32,95,Сибирский федеральный округ
32,106,Дальневосточный федеральный округ
28,2,В рублях
28,3,В долларах США
28,4,В евро
38,2,В рублях
38,3,В долларах США
38,4,В евро
37,2,В рублях
37,3,В долларах США
37,4,В евро
25,2,В рублях
25,3,В долларах США
25,4,В евро
26,2,В рублях
26,3,В долларах США
26,4,В евро
27,2,В рублях
27,3,В долларах США
27,4,В евро
46,22,Российская Федерация
46,23,Центральный федеральный округ
46,24,Белгородская область
46,25,Брянская область
46,26,Владимирская область
46,27,Воронежская область
46,28,Ивановская область
46,29,Калужская область
46,30,Костромская область
46,31,Курская область
46,32,Липецкая область
46,33,Московская область
46,34,Орловская область
46,35,Рязанская область
46,36,Смоленская область
46,37,Тамбовская область
46,38,Тверская область
46,39,Тульская область
46,40,Ярославская область
46,41,г. Москва
46,42,Северо-Западный федеральный округ
46,43,Республика Карелия
46,44,Республика Коми
46,45,Архангельская область
46,46,"Архангельская область, в том числе Ненецкий автономный округ"
46,47,Архангельская область без данных по Ненецкому автономному округу
46,48,Вологодская область
46,49,Калининградская область
46,50,Ленинградская область
46,51,Мурманская область
46,52,Новгородская область
46,53,Псковская область
46,54,г. Санкт-Петербург
46,55,Южный федеральный округ
46,56,Республика Адыгея (Адыгея)
46,57,Республика Калмыкия
46,58,Республика Крым
46,59,Краснодарский край
46,60,Астраханская область
46,61,Волгоградская область
46,62,Ростовская область
46,63,г. Севастополь
46,64,Северо-Кавказский федеральный округ
46,65,Республика Дагестан
46,66,Республика Ингушетия
46,67,Кабардино-Балкарская Республика
46,68,Карачаево-Черкесская Республика
46,69,Республика Северная Осетия - Алания
46,70,Чеченская Республика
46,71,Ставропольский край
46,72,Приволжский федеральный округ
46,73,Республика Башкортостан
46,74,Республика Марий Эл
46,75,Республика Мордовия
46,76,Республика Татарстан (Татарстан)
46,77,Удмуртская Республика
46,78,Чувашская Республика - Чувашия
46,79,Пермский край
46,80,Кировская область
46,81,Нижегородская область
46,82,Оренбургская область
46,83,Пензенская область
46,84,Самарская область
46,85,Саратовская область
46,86,Ульяновская область
46,87,Уральский федеральный округ
46,88,Курганская область
46,89,Свердловская область
46,90,Тюменская область
46,91,"Тюменская область, в том числе Ханты-Мансийский автономный округ - Югра"
46,92,"Тюменская область, в том числе Ямало-Ненецкий автономный округ"
46,93,Тюменская область без данных по Ханты-Мансийскому автономному округу - Югре и Ямало-Ненецкому автономному округу
46,94,Челябинская область
46,95,Сибирский федеральный округ
46,96,Республика Алтай
46,97,Республика Тыва
46,98,Республика Хакасия
46,99,Алтайский край
46,100,Красноярский край
46,101,Иркутская область
46,102,Кемеровская область - Кузбасс
46,103,Новосибирская область
46,104,Омская область
46,105,Томская область
46,106,Дальневосточный федеральный округ
46,107,Республика Бурятия
46,108,Республика Саха (Якутия)
46,109,Забайкальский край
46,110,Камчатский край
46,111,Приморский край
46,112,Хабаровский край
46,113,Амурская область
46,114,Магаданская область
46,115,Сахалинская область
46,116,Еврейская автономная область
46,117,Чукотский автономный округ
44,22,Российская Федерация
44,23,Центральный федеральный округ
44,24,Белгородская область
44,25,Брянская область
44,26,Владимирская область
44,27,Воронежская область
44,28,Ивановская область
44,29,Калужская область
44,30,Костромская область
44,31,Курская область
44,32,Липецкая область
44,33,Московская область
44,34,Орловская область
44,35,Рязанская область
44,36,Смоленская область
44,37,Тамбовская область
44,38,Тверская область
44,39,Тульская область
44,40,Ярославская область
44,41,г. Москва
44,42,Северо-Западный федеральный округ
44,43,Республика Карелия
44,44,Республика Коми
44,45,Архангельская область
44,46,"Архангельская область, в том числе Ненецкий автономный округ"
44,47,Архангельская область без данных по Ненецкому автономному округу
44,48,Вологодская область
44,49,Калининградская область
44,50,Ленинградская область
44,51,Мурманская область
44,52,Новгородская область
44,53,Псковская область
44,54,г. Санкт-Петербург
44,55,Южный федеральный округ
44,56,Республика Адыгея (Адыгея)
44,57,Республика Калмыкия
44,58,Республика Крым
44,59,Краснодарский край
44,60,Астраханская область
44,61,Волгоградская область
44,62,Ростовская область
44,63,г. Севастополь
44,64,Северо-Кавказский федеральный округ
44,65,Республика Дагестан
44,66,Республика Ингушетия
44,67,Кабардино-Балкарская Республика
44,68,Карачаево-Черкесская Республика
44,69,Республика Северная Осетия - Алания
44,70,Чеченская Республика
44,71,Ставропольский край
44,72,Приволжский федеральный округ
44,73,Республика Башкортостан
44,74,Республика Марий Эл
44,75,Республика Мордовия
44,76,Республика Татарстан (Татарстан)
44,77,Удмуртская Республика
44,78,Чувашская Республика - Чувашия
44,79,Пермский край
44,80,Кировская область
44,81,Нижегородская область
44,82,Оренбургская область
44,83,Пензенская область
44,84,Самарская область
44,85,Саратовская область
44,86,Ульяновская область
44,87,Уральский федеральный округ
44,88,Курганская область
44,89,Свердловская область
44,90,Тюменская область
44,91,"Тюменская область, в том числе Ханты-Мансийский автономный округ - Югра"
44,92,"Тюменская область, в том числе Ямало-Ненецкий автономный округ"
44,93,Тюменская область без данных по Ханты-Мансийскому автономному округу - Югре и Ямало-Ненецкому автономному округу
44,94,Челябинская область
44,95,Сибирский федеральный округ
44,96,Республика Алтай
44,97,Республика Тыва
44,98,Республика Хакасия
44,99,Алтайский край
44,100,Красноярский край
44,101,Иркутская область
44,102,Кемеровская область - Кузбасс
44,103,Новосибирская область
44,104,Омская область
44,105,Томская область
44,106,Дальневосточный федеральный округ
44,107,Республика Бурятия
44,108,Республика Саха (Якутия)
44,109,Забайкальский край
44,110,Камчатский край
44,111,Приморский край
44,112,Хабаровский край
44,113,Амурская область
44,114,Магаданская область
44,115,Сахалинская область
44,116,Еврейская автономная область
44,117,Чукотский автономный округ
45,22,Российская Федерация
45,23,Центральный федеральный округ
45,24,Белгородская область
45,25,Брянская область
45,26,Владимирская область
45,27,Воронежская область
45,28,Ивановская область
45,29,Калужская область
45,30,Костромская область
45,31,Курская область
45,32,Липецкая область
45,33,Московская область
45,34,Орловская область
45,35,Рязанская область
45,36,Смоленская область
45,37,Тамбовская область
45,38,Тверская область
45,39,Тульская область
45,40,Ярославская область
45,41,г. Москва
45,42,Северо-Западный федеральный округ
45,43,Республика Карелия
45,44,Республика Коми
45,45,Архангельская область
45,46,"Архангельская область, в том числе Ненецкий автономный округ"
45,47,Архангельская область без данных по Ненецкому автономному округу
45,48,Вологодская область
45,49,Калининградская область
45,50,Ленинградская область
45,51,Мурманская область
45,52,Новгородская область
45,53,Псковская область
45,54,г. Санкт-Петербург
45,55,Южный федеральный округ
45,56,Республика Адыгея (Адыгея)
45,57,Республика Калмыкия
45,58,Республика Крым
45,59,Краснодарский край
45,60,Астраханская область
45,61,Волгоградская область
45,62,Ростовская область
45,63,г. Севастополь
45,64,Северо-Кавказский федеральный округ
45,65,Республика Дагестан
45,66,Республика Ингушетия
45,67,Кабардино-Балкарская Республика
45,68,Карачаево-Черкесская Республика
45,69,Республика Северная Осетия - Алания
45,70,Чеченская Республика
45,71,Ставропольский край
45,72,Приволжский федеральный округ
45,73,Республика Башкортостан
45,74,Республика Марий Эл
45,75,Республика Мордовия
45,76,Республика Татарстан (Татарстан)
45,77,Удмуртская Республика
45,78,Чувашская Республика - Чувашия
45,79,Пермский край
45,80,Кировская область
45,81,Нижегородская область
45,82,Оренбургская область
45,83,Пензенская область
45,84,Самарская область
45,85,Саратовская область
45,86,Ульяновская область
45,87,Уральский федеральный округ
45,88,Курганская область
45,89,Свердловская область
45,90,Тюменская область
45,91,"Тюменская область, в том числе Ханты-Мансийский автономный округ - Югра"
45,92,"Тюменская область, в том числе Ямало-Ненецкий автономный округ"
45,93,Тюменская область без данных по Ханты-Мансийскому автономному округу - Югре и Ямало-Ненецкому автономному округу
45,94,Челябинская область
45,95,Сибирский федеральный округ
45,96,Республика Алтай
45,97,Республика Тыва
45,98,Республика Хакасия
45,99,Алтайский край
45,100,Красноярский край
45,101,Иркутская область
45,102,Кемеровская область - Кузбасс
45,103,Новосибирская область
45,104,Омская область
45,105,Томская область
45,106,Дальневосточный федеральный округ
45,107,Республика Бурятия
45,108,Республика Саха (Якутия)
45,109,Забайкальский край
45,110,Камчатский край
45,111,Приморский край
45,112,Хабаровский край
45,113,Амурская область
45,114,Магаданская область
45,115,Сахалинская область
45,116,Еврейская автономная область
45,117,Чукотский автономный округ
47,22,Российская Федерация
47,23,Центральный федеральный округ
47,24,Белгородская область
47,25,Брянская область
47,26,Владимирская область
47,27,Воронежская область
47,28,Ивановская область
47,29,Калужская область
47,30,Костромская область
47,31,Курская область
47,32,Липецкая область
47,33,Московская область
47,34,Орловская область
47,35,Рязанская область
47,36,Смоленская область
47,37,Тамбовская область
47,38,Тверская область
47,39,Тульская область
47,40,Ярославская область
47,41,г. Москва
47,42,Северо-Западный федеральный округ
47,43,Республика Карелия
47,44,Республика Коми
47,45,Архангельская область
47,46,"Архангельская область, в том числе Ненецкий автономный округ"
47,47,Архангельская область без данных по Ненецкому автономному округу
47,48,Вологодская область
47,49,Калининградская область
47,50,Ленинградская область
47,51,Мурманская область
47,52,Новгородская область
47,53,Псковская область
47,54,г. Санкт-Петербург
47,55,Южный федеральный округ
47,56,Республика Адыгея (Адыгея)
47,57,Республика Калмыкия
47,58,Республика Крым
47,59,Краснодарский край
47,60,Астраханская область
47,61,Волгоградская область
47,62,Ростовская область
47,63,г. Севастополь
47,64,Северо-Кавказский федеральный округ
47,65,Республика Дагестан
47,66,Республика Ингушетия
47,67,Кабардино-Балкарская Республика
47,68,Карачаево-Черкесская Республика
47,69,Республика Северная Осетия - Алания
47,70,Чеченская Республика
47,71,Ставропольский край
47,72,Приволжский федеральный округ
47,73,Республика Башкортостан
47,74,Республика Марий Эл
47,75,Республика Мордовия
47,76,Республика Татарстан (Татарстан)
47,77,Удмуртская Республика
47,78,Чувашская Республика - Чувашия
47,79,Пермский край
47,80,Кировская область
47,81,Нижегородская область
47,82,Оренбургская область
47,83,Пензенская область
47,84,Самарская область
47,85,Саратовская область
47,86,Ульяновская область
47,87,Уральский федеральный округ
47,88,Курганская область
47,89,Свердловская область
47,90,Тюменская область
47,91,"Тюменская область, в том числе Ханты-Мансийский автономный округ - Югра"
47,92,"Тюменская область, в том числе Ямало-Ненецкий автономный округ"
47,93,Тюменская область без данных по Ханты-Мансийскому автономному округу - Югре и Ямало-Ненецкому автономному округу
47,94,Челябинская область
47,95,Сибирский федеральный округ
47,96,Республика Алтай
47,97,Республика Тыва
47,98,Республика Хакасия
47,99,Алтайский край
47,100,Красноярский край
47,101,Иркутская область
47,102,Кемеровская область - Кузбасс
47,103,Новосибирская область
47,104,Омская область
47,105,Томская область
47,106,Дальневосточный федеральный округ
47,107,Республика Бурятия
47,108,Республика Саха (Якутия)
47,109,Забайкальский край
47,110,Камчатский край
47,111,Приморский край
47,112,Хабаровский край
47,113,Амурская область
47,114,Магаданская область
47,115,Сахалинская область
47,116,Еврейская автономная область
47,117,Чукотский автономный округ
48,22,Российская Федерация
48,23,Центральный федеральный округ
48,24,Белгородская область
48,25,Брянская область
48,26,Владимирская область
48,27,Воронежская область
48,28,Ивановская область
48,29,Калужская область
48,30,Костромская область
48,31,Курская область
48,32,Липецкая область
48,33,Московская область
48,34,Орловская область
48,35,Рязанская область
48,36,Смоленская область
48,37,Тамбовская область
48,38,Тверская область
48,39,Тульская область
48,40,Ярославская область
48,41,г. Москва
48,42,Северо-Западный федеральный округ
48,43,Республика Карелия
48,44,Республика Коми
48,45,Архангельская область
48,46,"Архангельская область, в том числе Ненецкий автономный округ"
48,47,Архангельская область без данных по Ненецкому автономному округу
48,48,Вологодская область
48,49,Калининградская область
48,50,Ленинградская область
48,51,Мурманская область
48,52,Новгородская область
48,53,Псковская область
48,54,г. Санкт-Петербург
48,55,Южный федеральный округ
48,56,Республика Адыгея (Адыгея)
48,57,Республика Калмыкия
48,58,Республика Крым
48,59,Краснодарский край
48,60,Астраханская область
48,61,Волгоградская область
48,62,Ростовская область
48,63,г. Севастополь
48,64,Северо-Кавказский федеральный округ
48,65,Республика Дагестан
48,66,Республика Ингушетия
48,67,Кабардино-Балкарская Республика
48,68,Карачаево-Черкесская Республика
48,69,Республика Северная Осетия - Алания
48,70,Чеченская Республика
48,71,Ставропольский край
48,72,Приволжский федеральный округ
48,73,Республика Башкортостан
48,74,Республика Марий Эл
48,75,Республика Мордовия
48,76,Республика Татарстан (Татарстан)
48,77,Удмуртская Республика
48,78,Чувашская Республика - Чувашия
48,79,Пермский край
48,80,Кировская область
48,81,Нижегородская область
48,82,Оренбургская область
48,83,Пензенская область
48,84,Самарская область
48,85,Саратовская область
48,86,Ульяновская область
48,87,Уральский федеральный округ
48,88,Курганская область
48,89,Свердловская область
48,90,Тюменская область
48,91,"Тюменская область, в том числе Ханты-Мансийский автономный округ - Югра"
48,92,"Тюменская область, в том числе Ямало-Ненецкий автономный округ"
48,93,Тюменская область без данных по Ханты-Мансийскому автономному округу - Югре и Ямало-Ненецкому автономному округу
48,94,Челябинская область
48,95,Сибирский федеральный округ
48,96,Республика Алтай
48,97,Республика Тыва
48,98,Республика Хакасия
48,99,Алтайский край
48,100,Красноярский край
48,101,Иркутская область
48,102,Кемеровская область - Кузбасс
48,103,Новосибирская область
48,104,Омская область
48,105,Томская область
48,106,Дальневосточный федеральный округ
48,107,Республика Бурятия
48,108,Республика Саха (Якутия)
48,109,Забайкальский край
48,110,Камчатский край
48,111,Приморский край
48,112,Хабаровский край
48,113,Амурская область
48,114,Магаданская область
48,115,Сахалинская область
48,116,Еврейская автономная область
48,117,Чукотский автономный округ
53,22,Российская Федерация
53,23,Центральный федеральный округ
53,24,Белгородская область
53,25,Брянская область
53,26,Владимирская область
53,27,Воронежская область
53,28,Ивановская область
53,29,Калужская область
53,30,Костромская область
53,31,Курская область
53,32,Липецкая область
53,33,Московская область
53,34,Орловская область
53,35,Рязанская область
53,36,Смоленская область
53,37,Тамбовская область
53,38,Тверская область
53,39,Тульская область
53,40,Ярославская область
53,41,г. Москва
53,42,Северо-Западный федеральный округ
53,43,Республика Карелия
53,44,Республика Коми
53,45,Архангельская область
53,46,"Архангельская область, в том числе Ненецкий автономный округ"
53,47,Архангельская область без данных по Ненецкому автономному округу
53,48,Вологодская область
53,49,Калининградская область
53,50,Ленинградская область
53,51,Мурманская область
53,52,Новгородская область
53,53,Псковская область
53,54,г. Санкт-Петербург
53,55,Южный федеральный округ
53,56,Республика Адыгея (Адыгея)
53,57,Республика Калмыкия
53,58,Республика Крым
53,59,Краснодарский край
53,60,Астраханская область
53,61,Волгоградская область
53,62,Ростовская область
53,63,г. Севастополь
53,64,Северо-Кавказский федеральный округ
53,65,Республика Дагестан
53,66,Республика Ингушетия
53,67,Кабардино-Балкарская Республика
53,68,Карачаево-Черкесская Республика
53,69,Республика Северная Осетия - Алания
53,70,Чеченская Республика
53,71,Ставропольский край
53,72,Приволжский федеральный округ
53,73,Республика Башкортостан
53,74,Республика Марий Эл
53,75,Республика Мордовия
53,76,Республика Татарстан (Татарстан)
53,77,Удмуртская Республика
53,78,Чувашская Республика - Чувашия
53,79,Пермский край
53,80,Кировская область
53,81,Нижегородская область
53,82,Оренбургская область
53,83,Пензенская область
53,84,Самарская область
53,85,Саратовская область
53,86,Ульяновская область
53,87,Уральский федеральный округ
53,88,Курганская область
53,89,Свердловская область
53,90,Тюменская область
53,91,"Тюменская область, в том числе Ханты-Мансийский автономный округ - Югра"
53,92,"Тюменская область, в том числе Ямало-Ненецкий автономный округ"
53,93,Тюменская область без данных по Ханты-Мансийскому автономному округу - Югре и Ямало-Ненецкому автономному округу
53,94,Челябинская область
53,95,Сибирский федеральный округ
53,96,Республика Алтай
53,97,Республика Тыва
53,98,Республика Хакасия
53,99,Алтайский край
53,100,Красноярский край
53,101,Иркутская область
53,102,Кемеровская область - Кузбасс
53,103,Новосибирская область
53,104,Омская область
53,105,Томская область
53,106,Дальневосточный федеральный округ
53,107,Республика Бурятия
53,108,Республика Саха (Якутия)
53,109,Забайкальский край
53,110,Камчатский край
53,111,Приморский край
53,112,Хабаровский край
53,113,Амурская область
53,114,Магаданская область
53,115,Сахалинская область
53,116,Еврейская автономная область
53,117,Чукотский автономный округ
52,22,Российская Федерация
52,23,Центральный федеральный округ
52,24,Белгородская область
52,25,Брянская область
52,26,Владимирская область
52,27,Воронежская область
52,28,Ивановская область
52,29,Калужская область
52,30,Костромская область
52,31,Курская область
52,32,Липецкая область
52,33,Московская область
52,34,Орловская область
52,35,Рязанская область
52,36,Смоленская область
52,37,Тамбовская область
52,38,Тверская область
52,39,Тульская область
52,40,Ярославская область
52,41,г. Москва
52,42,Северо-Западный федеральный округ
52,43,Республика Карелия
52,44,Республика Коми
52,45,Архангельская область
52,46,"Архангельская область, в том числе Ненецкий автономный округ"
52,47,Архангельская область без данных по Ненецкому автономному округу
52,48,Вологодская область
52,49,Калининградская область
52,50,Ленинградская область
52,51,Мурманская область
52,52,Новгородская область
52,53,Псковская область
52,54,г. Санкт-Петербург
52,55,Южный федеральный округ
52,56,Республика Адыгея (Адыгея)
52,57,Республика Калмыкия
52,58,Республика Крым
52,59,Краснодарский край
52,60,Астраханская область
52,61,Волгоградская область
52,62,Ростовская область
52,63,г. Севастополь
52,64,Северо-Кавказский федеральный округ
52,65,Республика Дагестан
52,66,Республика Ингушетия
52,67,Кабардино-Балкарская Республика
52,68,Карачаево-Черкесская Республика
52,69,Республика Северная Осетия - Алания
52,70,Чеченская Республика
52,71,Ставропольский край
52,72,Приволжский федеральный округ
52,73,Республика Башкортостан
52,74,Республика Марий Эл
52,75,Республика Мордовия
52,76,Республика Татарстан (Татарстан)
52,77,Удмуртская Республика
52,78,Чувашская Республика - Чувашия
52,79,Пермский край
52,80,Кировская область
52,81,Нижегородская область
52,82,Оренбургская область
52,83,Пензенская область
52,84,Самарская область
52,85,Саратовская область
52,86,Ульяновская область
52,87,Уральский федеральный округ
52,88,Курганская область
52,89,Свердловская область
52,90,Тюменская область
52,91,"Тюменская область, в том числе Ханты-Мансийский автономный округ - Югра"
52,92,"Тюменская область, в том числе Ямало-Ненецкий автономный округ"
52,93,Тюменская область без данных по Ханты-Мансийскому автономному округу - Югре и Ямало-Ненецкому автономному округу
52,94,Челябинская область
52,95,Сибирский федеральный округ
52,96,Республика Алтай
52,97,Республика Тыва
52,98,Республика Хакасия
52,99,Алтайский край
52,100,Красноярский край
52,101,Иркутская область
52,102,Кемеровская область - Кузбасс
52,103,Новосибирская область
52,104,Омская область
52,105,Томская область
52,106,Дальневосточный федеральный округ
52,107,Республика Бурятия
52,108,Республика Саха (Якутия)
52,109,Забайкальский край
52,110,Камчатский край
52,111,Приморский край
52,112,Хабаровский край
52,113,Амурская область
52,114,Магаданская область
52,115,Сахалинская область
52,116,Еврейская автономная область
52,117,Чукотский автономный округ
54,22,Российская Федерация
54,23,Центральный федеральный округ
54,24,Белгородская область
54,25,Брянская область
54,26,Владимирская область
54,27,Воронежская область
54,28,Ивановская область
54,29,Калужская область
54,30,Костромская область
54,31,Курская область
54,32,Липецкая область
54,33,Московская область
54,34,Орловская область
54,35,Рязанская область
54,36,Смоленская область
54,37,Тамбовская область
54,38,Тверская область
54,39,Тульская область
54,40,Ярославская область
54,41,г. Москва
54,42,Северо-Западный федеральный округ
54,43,Республика Карелия
54,44,Республика Коми
54,45,Архангельская область
54,46,"Архангельская область, в том числе Ненецкий автономный округ"
54,47,Архангельская область без данных по Ненецкому автономному округу
54,48,Вологодская область
54,49,Калининградская область
54,50,Ленинградская область
54,51,Мурманская область
54,52,Новгородская область
54,53,Псковская область
54,54,г. Санкт-Петербург
54,55,Южный федеральный округ
54,56,Республика Адыгея (Адыгея)
54,57,Республика Калмыкия
54,58,Республика Крым
54,59,Краснодарский край
54,60,Астраханская область
54,61,Волгоградская область
54,62,Ростовская область
54,63,г. Севастополь
54,64,Северо-Кавказский федеральный округ
54,65,Республика Дагестан
54,66,Республика Ингушетия
54,67,Кабардино-Балкарская Республика
54,68,Карачаево-Черкесская Республика
54,69,Республика Северная Осетия - Алания
54,70,Чеченская Республика
54,71,Ставропольский край
54,72,Приволжский федеральный округ
54,73,Республика Башкортостан
54,74,Республика Марий Эл
54,75,Республика Мордовия
54,76,Республика Татарстан (Татарстан)
54,77,Удмуртская Республика
54,78,Чувашская Республика - Чувашия
54,79,Пермский край
54,80,Кировская область
54,81,Нижегородская область
54,82,Оренбургская область
54,83,Пензенская область
54,84,Самарская область
54,85,Саратовская область
54,86,Ульяновская область
54,87,Уральский федеральный округ
54,88,Курганская область
54,89,Свердловская область
54,90,Тюменская область
54,91,"Тюменская область, в том числе Ханты-Мансийский автономный округ - Югра"
54,92,"Тюменская область, в том числе Ямало-Ненецкий автономный округ"
54,93,Тюменская область без данных по Ханты-Мансийскому автономному округу - Югре и Ямало-Ненецкому автономному округу
54,94,Челябинская область
54,95,Сибирский федеральный округ
54,96,Республика Алтай
54,97,Республика Тыва
54,98,Республика Хакасия
54,99,Алтайский край
54,100,Красноярский край
54,101,Иркутская область
54,102,Кемеровская область - Кузбасс
54,103,Новосибирская область
54,104,Омская область
54,105,Томская область
54,106,Дальневосточный федеральный округ
54,107,Республика Бурятия
54,108,Республика Саха (Якутия)
54,109,Забайкальский край
54,110,Камчатский край
54,111,Приморский край
54,112,Хабаровский край
54,113,Амурская область
54,114,Магаданская область
54,115,Сахалинская область
54,116,Еврейская автономная область
54,117,Чукотский автономный округ
42,22,Российская Федерация
42,23,Центральный федеральный округ
42,24,Белгородская область
42,25,Брянская область
42,26,Владимирская область
42,27,Воронежская область
42,28,Ивановская область
42,29,Калужская область
42,30,Костромская область
42,31,Курская область
42,32,Липецкая область
42,33,Московская область
42,34,Орловская область
42,35,Рязанская область
42,36,Смоленская область
42,37,Тамбовская область
42,38,Тверская область
42,39,Тульская область
42,40,Ярославская область
42,41,г. Москва
42,42,Северо-Западный федеральный округ
42,43,Республика Карелия
42,44,Республика Коми
42,45,Архангельская область
42,46,"Архангельская область, в том числе Ненецкий автономный округ"
42,47,Архангельская область без данных по Ненецкому автономному округу
42,48,Вологодская область
42,49,Калининградская область
42,50,Ленинградская область
42,51,Мурманская область
42,52,Новгородская область
42,53,Псковская область
42,54,г. Санкт-Петербург
42,55,Южный федеральный округ
42,56,Республика Адыгея (Адыгея)
42,57,Республика Калмыкия
42,58,Республика Крым
42,59,Краснодарский край
42,60,Астраханская область
42,61,Волгоградская область
42,62,Ростовская область
42,63,г. Севастополь
42,64,Северо-Кавказский федеральный округ
42,65,Республика Дагестан
42,66,Республика Ингушетия
42,67,Кабардино-Балкарская Республика
42,68,Карачаево-Черкесская Республика
42,69,Республика Северная Осетия - Алания
42,70,Чеченская Республика
42,71,Ставропольский край
42,72,Приволжский федеральный округ
42,73,Республика Башкортостан
42,74,Республика Марий Эл
42,75,Республика Мордовия
42,76,Республика Татарстан (Татарстан)
42,77,Удмуртская Республика
42,78,Чувашская Республика - Чувашия
42,79,Пермский край
42,80,Кировская область
42,81,Нижегородская область
42,82,Оренбургская область
42,83,Пензенская область
42,84,Самарская область
42,85,Саратовская область
42,86,Ульяновская область
42,87,Уральский федеральный округ
42,88,Курганская область
42,89,Свердловская область
42,90,Тюменская область
42,91,"Тюменская область, в том числе Ханты-Мансийский автономный округ - Югра"
42,92,"Тюменская область, в том числе Ямало-Ненецкий автономный округ"
42,93,Тюменская область без данных по Ханты-Мансийскому автономному округу - Югре и Ямало-Ненецкому автономному округу
42,94,Челябинская область
42,95,Сибирский федеральный округ
42,96,Республика Алтай
42,97,Республика Тыва
42,98,Республика Хакасия
42,99,Алтайский край
42,100,Красноярский край
42,101,Иркутская область
42,102,Кемеровская область - Кузбасс
42,103,Новосибирская область
42,104,Омская область
42,105,Томская область
42,106,Дальневосточный федеральный округ
42,107,Республика Бурятия
42,108,Республика Саха (Якутия)
42,109,Забайкальский край
42,110,Камчатский край
42,111,Приморский край
42,112,Хабаровский край
42,113,Амурская область
42,114,Магаданская область
42,115,Сахалинская область
42,116,Еврейская автономная область
42,117,Чукотский автономный округ
41,22,Российская Федерация
41,23,Центральный федеральный округ
41,24,Белгородская область
41,25,Брянская область
41,26,Владимирская область
41,27,Воронежская область
41,28,Ивановская область
41,29,Калужская область
41,30,Костромская область
41,31,Курская область
41,32,Липецкая область
41,33,Московская область
41,34,Орловская область
41,35,Рязанская область
41,36,Смоленская область
41,37,Тамбовская область
41,38,Тверская область
41,39,Тульская область
41,40,Ярославская область
41,41,г. Москва
41,42,Северо-Западный федеральный округ
41,43,Республика Карелия
41,44,Республика Коми
41,45,Архангельская область
41,46,"Архангельская область, в том числе Ненецкий автономный округ"
41,47,Архангельская область без данных по Ненецкому автономному округу
41,48,Вологодская область
41,49,Калининградская область
41,50,Ленинградская область
41,51,Мурманская область
41,52,Новгородская область
41,53,Псковская область
41,54,г. Санкт-Петербург
41,55,Южный федеральный округ
41,56,Республика Адыгея (Адыгея)
41,57,Республика Калмыкия
41,58,Республика Крым
41,59,Краснодарский край
41,60,Астраханская область
41,61,Волгоградская область
41,62,Ростовская область
41,63,г. Севастополь
41,64,Северо-Кавказский федеральный округ
41,65,Республика Дагестан
41,66,Республика Ингушетия
41,67,Кабардино-Балкарская Республика
41,68,Карачаево-Черкесская Республика
41,69,Республика Северная Осетия - Алания
41,70,Чеченская Республика
41,71,Ставропольский край
41,72,Приволжский федеральный округ
41,73,Республика Башкортостан
41,74,Республика Марий Эл
41,75,Республика Мордовия
41,76,Республика Татарстан (Татарстан)
41,77,Удмуртская Республика
41,78,Чувашская Республика - Чувашия
41,79,Пермский край
41,80,Кировская область
41,81,Нижегородская область
41,82,Оренбургская область
41,83,Пензенская область
41,84,Самарская область
41,85,Саратовская область
41,86,Ульяновская область
41,87,Уральский федеральный округ
41,88,Курганская область
41,89,Свердловская область
41,90,Тюменская область
41,91,"Тюменская область, в том числе Ханты-Мансийский автономный округ - Югра"
41,92,"Тюменская область, в том числе Ямало-Ненецкий автономный округ"
41,93,Тюменская область без данных по Ханты-Мансийскому автономному округу - Югре и Ямало-Ненецкому автономному округу
41,94,Челябинская область
41,95,Сибирский федеральный округ
41,96,Республика Алтай
41,97,Республика Тыва
41,98,Республика Хакасия
41,99,Алтайский край
41,100,Красноярский край
41,101,Иркутская область
41,102,Кемеровская область - Кузбасс
41,103,Новосибирская область
41,104,Омская область
41,105,Томская область
41,106,Дальневосточный федеральный округ
41,107,Республика Бурятия
41,108,Республика Саха (Якутия)
41,109,Забайкальский край
41,110,Камчатский край
41,111,Приморский край
41,112,Хабаровский край
41,113,Амурская область
41,114,Магаданская область
41,115,Сахалинская область
41,116,Еврейская автономная область
41,117,Чукотский автономный округ
43,22,Российская Федерация
43,23,Центральный федеральный округ
43,24,Белгородская область
43,25,Брянская область
43,26,Владимирская область
43,27,Воронежская область
43,28,Ивановская область
43,29,Калужская область
43,30,Костромская область
43,31,Курская область
43,32,Липецкая область
43,33,Московская область
43,34,Орловская область
43,35,Рязанская область
43,36,Смоленская область
43,37,Тамбовская область
43,38,Тверская область
43,39,Тульская область
43,40,Ярославская область
43,41,г. Москва
43,42,Северо-Западный федеральный округ
43,43,Республика Карелия
43,44,Республика Коми
43,45,Архангельская область
43,46,"Архангельская область, в том числе Ненецкий автономный округ"
43,47,Архангельская область без данных по Ненецкому автономному округу
43,48,Вологодская область
43,49,Калининградская область
43,50,Ленинградская область
43,51,Мурманская область
43,52,Новгородская область
43,53,Псковская область
43,54,г. Санкт-Петербург
43,55,Южный федеральный округ
43,56,Республика Адыгея (Адыгея)
43,57,Республика Калмыкия
43,58,Республика Крым
43,59,Краснодарский край
43,60,Астраханская область
43,61,Волгоградская область
43,62,Ростовская область
43,63,г. Севастополь
43,64,Северо-Кавказский федеральный округ
43,65,Республика Дагестан
43,66,Республика Ингушетия
43,67,Кабардино-Балкарская Республика
43,68,Карачаево-Черкесская Республика
43,69,Республика Северная Осетия - Алания
43,70,Чеченская Республика
43,71,Ставропольский край
43,72,Приволжский федеральный округ
43,73,Республика Башкортостан
43,74,Республика Марий Эл
43,75,Республика Мордовия
43,76,Республика Татарстан (Татарстан)
43,77,Удмуртская Республика
43,78,Чувашская Республика - Чувашия
43,79,Пермский край
43,80,Кировская область
43,81,Нижегородская область
43,82,Оренбургская область
43,83,Пензенская область
43,84,Самарская область
43,85,Саратовская область
43,86,Ульяновская область
43,87,Уральский федеральный округ
43,88,Курганская область
43,89,Свердловская область
43,90,Тюменская область
43,91,"Тюменская область, в том числе Ханты-Мансийский автономный округ - Югра"
43,92,"Тюменская область, в том числе Ямало-Ненецкий автономный округ"
43,93,Тюменская область без данных по Ханты-Мансийскому автономному округу - Югре и Ямало-Ненецкому автономному округу
43,94,Челябинская область
43,95,Сибирский федеральный округ
43,96,Республика Алтай
43,97,Республика Тыва
43,98,Республика Хакасия
43,99,Алтайский край
43,100,Красноярский край
43,101,Иркутская область
43,102,Кемеровская область - Кузбасс
43,103,Новосибирская область
43,104,Омская область
43,105,Томская область
43,106,Дальневосточный федеральный округ
43,107,Республика Бурятия
43,108,Республика Саха (Якутия)
43,109,Забайкальский край
43,110,Камчатский край
43,111,Приморский край
43,112,Хабаровский край
43,113,Амурская область
43,114,Магаданская область
43,115,Сахалинская область
43,116,Еврейская автономная область
43,117,Чукотский автономный округ
50,22,Российская Федерация
50,23,Центральный федеральный округ
50,24,Белгородская область
50,25,Брянская область
50,26,Владимирская область
50,27,Воронежская область
50,28,Ивановская область
50,29,Калужская область
50,30,Костромская область
50,31,Курская область
50,32,Липецкая область
50,33,Московская область
50,34,Орловская область
50,35,Рязанская область
50,36,Смоленская область
50,37,Тамбовская область
50,38,Тверская область
50,39,Тульская область
50,40,Ярославская область
50,41,г. Москва
50,42,Северо-Западный федеральный округ
50,43,Республика Карелия
50,44,Республика Коми
50,45,Архангельская область
50,46,"Архангельская область, в том числе Ненецкий автономный округ"
50,47,Архангельская область без данных по Ненецкому автономному округу
50,48,Вологодская область
50,49,Калининградская область
50,50,Ленинградская область
50,51,Мурманская область
50,52,Новгородская область
50,53,Псковская область
50,54,г. Санкт-Петербург
50,55,Южный федеральный округ
50,56,Республика Адыгея (Адыгея)
50,57,Республика Калмыкия
50,58,Республика Крым
50,59,Краснодарский край
50,60,Астраханская область
50,61,Волгоградская область
50,62,Ростовская область
50,63,г. Севастополь
50,64,Северо-Кавказский федеральный округ
50,65,Республика Дагестан
50,66,Республика Ингушетия
50,67,Кабардино-Балкарская Республика
50,68,Карачаево-Черкесская Республика
50,69,Республика Северная Осетия - Алания
50,70,Чеченская Республика
50,71,Ставропольский край
50,72,Приволжский федеральный округ
50,73,Республика Башкортостан
50,74,Республика Марий Эл
50,75,Республика Мордовия
50,76,Республика Татарстан (Татарстан)
50,77,Удмуртская Республика
50,78,Чувашская Республика - Чувашия
50,79,Пермский край
50,80,Кировская область
50,81,Нижегородская область
50,82,Оренбургская область
50,83,Пензенская область
50,84,Самарская область
50,85,Саратовская область
50,86,Ульяновская область
50,87,Уральский федеральный округ
50,88,Курганская область
50,89,Свердловская область
50,90,Тюменская область
50,91,"Тюменская область, в том числе Ханты-Мансийский автономный округ - Югра"
50,92,"Тюменская область, в том числе Ямало-Ненецкий автономный округ"
50,93,Тюменская область без данных по Ханты-Мансийскому автономному округу - Югре и Ямало-Ненецкому автономному округу
50,94,Челябинская область
50,95,Сибирский федеральный округ
50,96,Республика Алтай
50,97,Республика Тыва
50,98,Республика Хакасия
50,99,Алтайский край
50,100,Красноярский край
50,101,Иркутская область
50,102,Кемеровская область - Кузбасс
50,103,Новосибирская область
50,104,Омская область
50,105,Томская область
50,106,Дальневосточный федеральный округ
50,107,Республика Бурятия
50,108,Республика Саха (Якутия)
50,109,Забайкальский край
50,110,Камчатский край
50,111,Приморский край
50,112,Хабаровский край
50,113,Амурская область
50,114,Магаданская область
50,115,Сахалинская область
50,116,Еврейская автономная область
50,117,Чукотский автономный округ
49,22,Российская Федерация
49,23,Центральный федеральный округ
49,24,Белгородская область
49,25,Брянская область
49,26,Владимирская область
49,27,Воронежская область
49,28,Ивановская область
49,29,Калужская область
49,30,Костромская область
49,31,Курская область
49,32,Липецкая область
49,33,Московская область
49,34,Орловская область
49,35,Рязанская область
49,36,Смоленская область
49,37,Тамбовская область
49,38,Тверская область
49,39,Тульская область
49,40,Ярославская область
49,41,г. Москва
49,42,Северо-Западный федеральный округ
49,43,Республика Карелия
49,44,Республика Коми
49,45,Архангельская область
49,46,"Архангельская область, в том числе Ненецкий автономный округ"
49,47,Архангельская область без данных по Ненецкому автономному округу
49,48,Вологодская область
49,49,Калининградская область
49,50,Ленинградская область
49,51,Мурманская область
49,52,Новгородская область
49,53,Псковская область
49,54,г. Санкт-Петербург
49,55,Южный федеральный округ
49,56,Республика Адыгея (Адыгея)
49,57,Республика Калмыкия
49,58,Республика Крым
49,59,Краснодарский край
49,60,Астраханская область
49,61,Волгоградская область
49,62,Ростовская область
49,63,г. Севастополь
49,64,Северо-Кавказский федеральный округ
49,65,Республика Дагестан
49,66,Республика Ингушетия
49,67,Кабардино-Балкарская Республика
49,68,Карачаево-Черкесская Республика
49,69,Республика Северная Осетия - Алания
49,70,Чеченская Республика
49,71,Ставропольский край
49,72,Приволжский федеральный округ
49,73,Республика Башкортостан
49,74,Республика Марий Эл
49,75,Республика Мордовия
49,76,Республика Татарстан (Татарстан)
49,77,Удмуртская Республика
49,78,Чувашская Республика - Чувашия
49,79,Пермский край
49,80,Кировская область
49,81,Нижегородская область
49,82,Оренбургская область
49,83,Пензенская область
49,84,Самарская область
49,85,Саратовская область
49,86,Ульяновская область
49,87,Уральский федеральный округ
49,88,Курганская область
49,89,Свердловская область
49,90,Тюменская область
49,91,"Тюменская область, в том числе Ханты-Мансийский автономный округ - Югра"
49,92,"Тюменская область, в том числе Ямало-Ненецкий автономный округ"
49,93,Тюменская область без данных по Ханты-Мансийскому автономному округу - Югре и Ямало-Ненецкому автономному округу
49,94,Челябинская область
49,95,Сибирский федеральный округ
49,96,Республика Алтай
49,97,Республика Тыва
49,98,Республика Хакасия
49,99,Алтайский край
49,100,Красноярский край
49,101,Иркутская область
49,102,Кемеровская область - Кузбасс
49,103,Новосибирская область
49,104,Омская область
49,105,Томская область
49,106,Дальневосточный федеральный округ
49,107,Республика Бурятия
49,108,Республика Саха (Якутия)
49,109,Забайкальский край
49,110,Камчатский край
49,111,Приморский край
49,112,Хабаровский край
49,113,Амурская область
49,114,Магаданская область
49,115,Сахалинская область
49,116,Еврейская автономная область
49,117,Чукотский автономный округ
51,22,Российская Федерация
51,23,Центральный федеральный округ
51,24,Белгородская область
51,25,Брянская область
51,26,Владимирская область
51,27,Воронежская область
51,28,Ивановская область
51,29,Калужская область
51,30,Костромская область
51,31,Курская область
51,32,Липецкая область
51,33,Московская область
51,34,Орловская область
51,35,Рязанская область
51,36,Смоленская область
51,37,Тамбовская область
51,38,Тверская область
51,39,Тульская область
51,40,Ярославская область
51,41,г. Москва
51,42,Северо-Западный федеральный округ
51,43,Республика Карелия
51,44,Республика Коми
51,45,Архангельская область
51,46,"Архангельская область, в том числе Ненецкий автономный округ"
51,47,Архангельская область без данных по Ненецкому автономному округу
51,48,Вологодская область
51,49,Калининградская область
51,50,Ленинградская область
51,51,Мурманская область
51,52,Новгородская область
51,53,Псковская область
51,54,г. Санкт-Петербург
51,55,Южный федеральный округ
51,56,Республика Адыгея (Адыгея)
51,57,Республика Калмыкия
51,58,Республика Крым
51,59,Краснодарский край
51,60,Астраханская область
51,61,Волгоградская область
51,62,Ростовская область
51,63,г. Севастополь
51,64,Северо-Кавказский федеральный округ
51,65,Республика Дагестан
51,66,Республика Ингушетия
51,67,Кабардино-Балкарская Республика
51,68,Карачаево-Черкесская Республика
51,69,Республика Северная Осетия - Алания
51,70,Чеченская Республика
51,71,Ставропольский край
51,72,Приволжский федеральный округ
51,73,Республика Башкортостан
51,74,Республика Марий Эл
51,75,Республика Мордовия
51,76,Республика Татарстан (Татарстан)
51,77,Удмуртская Республика
51,78,Чувашская Республика - Чувашия
51,79,Пермский край
51,80,Кировская область
51,81,Нижегородская область
51,82,Оренбургская область
51,83,Пензенская область
51,84,Самарская область
51,85,Саратовская область
51,86,Ульяновская область
51,87,Уральский федеральный округ
51,88,Курганская область
51,89,Свердловская область
51,90,Тюменская область
51,91,"Тюменская область, в том числе Ханты-Мансийский автономный округ - Югра"
51,92,"Тюменская область, в том числе Ямало-Ненецкий автономный округ"
51,93,Тюменская область без данных по Ханты-Мансийскому автономному округу - Югре и Ямало-Ненецкому автономному округу
51,94,Челябинская область
51,95,Сибирский федеральный округ
51,96,Республика Алтай
51,97,Республика Тыва
51,98,Республика Хакасия
51,99,Алтайский край
51,100,Красноярский край
51,101,Иркутская область
51,102,Кемеровская область - Кузбасс
51,103,Новосибирская область
51,104,Омская область
51,105,Томская область
51,106,Дальневосточный федеральный округ
51,107,Республика Бурятия
51,108,Республика Саха (Якутия)
51,109,Забайкальский край
51,110,Камчатский край
51,111,Приморский край
51,112,Хабаровский край
51,113,Амурская область
51,114,Магаданская область
51,115,Сахалинская область
51,116,Еврейская автономная область
51,117,Чукотский автономный округ
57,120,Экономика
57,121,Промышленное производство
57,122,Добыча полезных ископаемых
57,123,Обрабатывающие производства
57,124,"Сельское, лесное хозяйство, охота, рыболовство и рыбоводство"
57,125,Строительство
57,126,"Торговля оптовая и розничная, ремонт автотранспортных средств и мотоциклов"
57,127,Транспортировка и хранение
57,128,Услуги
